Headline,Subheader,News URL,Published,Main URL
"European stocks head for higher open, brushing off coronavirus ",,https://www.cnbc.com/2020/06/23/european-stocks-brush-off-concerns-over-coronavirus-pmis-in-focus.html,23 Min Ago,www.cnbc.com
'Social bonds' are surging as conscious investing turns mainstream ,,https://www.cnbc.com/2020/06/23/social-bonds-are-surging-as-conscious-investing-turns-mainstream.html,25 Min Ago,www.cnbc.com
Private survey of Chinese businesses predicts economy could contract this year ,,https://www.cnbc.com/2020/06/23/china-beige-book-predicts-economy-could-contract-this-year.html,1 Hour Ago,www.cnbc.com
The poor in Asia get only a 'thin trickle' of economic support amid virus crisis ,,https://www.cnbc.com/2020/06/23/coronavirus-and-economy-un-says-poor-in-asia-get-little-support.html,1 Hour Ago,www.cnbc.com
Secondhand apparel market expected to be valued at $64 billion in 5 years ,,https://www.cnbc.com/2020/06/23/thredup-resale-market-expected-to-be-valued-at-64-billion-in-5-years.html,2 Hours Ago,www.cnbc.com
China launches its final satellite to complete its rival to the US-owned GPS system ,,https://www.cnbc.com/2020/06/23/beidou-china-completes-rival-to-the-us-owned-gps-system.html,2 Hours Ago,www.cnbc.com
White House trade advisor Peter Navarro denies saying China trade deal is 'over' ,,https://www.cnbc.com/2020/06/23/white-house-trade-advisor-peter-navarro-denies-saying-china-trade-deal-is-over.html,3 Hours Ago,www.cnbc.com
Women in China are losing out in the workforce â€” that's bad news for the economy ,,https://www.cnbc.com/2020/06/23/china-women-are-losing-out-in-the-workforce-its-harmful-for-the-economy.html,5 Hours Ago,www.cnbc.com
"Spotify's story is starting to mirror Netflix's, Jim Cramer says ",,https://www.cnbc.com/2020/06/22/jim-cramer-spotify-story-is-starting-to-look-a-lot-like-netflix.html,5 Hours Ago,www.cnbc.com
Apple says it will provide a way for app makers to challenge App Store rules ,,https://www.cnbc.com/2020/06/22/apple-will-provide-a-way-for-app-makers-to-challenge-app-store-rules.html,5 Hours Ago,www.cnbc.com
"Recession and recovery stocks are working, but it's not sustainable, Cramer says ",,https://www.cnbc.com/2020/06/22/jim-cramer-the-current-stock-investment-market-are-not-sustainable.html,5 Hours Ago,www.cnbc.com
Why coronavirus hot spots shouldn't wreck the economic and market recovery ,,https://www.cnbc.com/2020/06/22/coronavirus-hot-spots-shouldnt-wreck-the-historic-rally-jim-paulsen.html,6 Hours Ago,www.cnbc.com
Asia Pacific stocks up as Peter Navarro clarifies trade deal comment ,,https://www.cnbc.com/2020/06/23/asia-markets-coronavirus-wall-street-currencies-in-focus.html,6 Hours Ago,www.cnbc.com
MLB players union rejects 60-game plan as league moves to install mandatory season ,,https://www.cnbc.com/2020/06/22/mlb-players-union-rejects-latest-league-proposal-to-start-2020-season-delayed-by-covid-19.html,6 Hours Ago,www.cnbc.com
Barstool's Dave Portnoy says he'll focus on sports betting when sports return ,,https://www.cnbc.com/2020/06/22/barstool-dave-portnoy-to-focus-on-sports-betting-when-sports-return.html,7 Hours Ago,www.cnbc.com
Cramer's lightning round: Caterpillar needs an acceleration of our economy ,,https://www.cnbc.com/2020/06/22/cramer-lightning-round-caterpillar-needs-economic-acceleration.html,7 Hours Ago,www.cnbc.com
Google employees petition company to cancel police contracts ,,https://www.cnbc.com/2020/06/22/google-employees-petition-company-to-cancel-police-contracts.html,7 Hours Ago,www.cnbc.com
Stock futures flat after Peter Navarro clarifies that U.S.-China trade deal is not over ,,https://www.cnbc.com/2020/06/22/stock-market-futures-open-to-close-news.html,8 Hours Ago,www.cnbc.com
"Stocks making the biggest moves after hours: Carnival, T-Mobile, Virgin Galactic and more ",,https://www.cnbc.com/2020/06/22/stocks-making-the-biggest-moves-after-hours-carnival-t-mobile-virgin-galactic-and-more.html,8 Hours Ago,www.cnbc.com
Apple allows users to change default mail and browser apps ,,https://www.cnbc.com/2020/06/22/apple-allows-users-to-change-default-mail-and-browser-apps-at-wwdc.html,8 Hours Ago,www.cnbc.com
NYC ER doctor hopes rest of U.S. learned lessons from the city as cases spike ,,https://www.cnbc.com/2020/06/22/dr-craig-spencer-who-survived-ebola-on-surge-of-coronavirus-cases.html,8 Hours Ago,www.cnbc.com
Bodyarmor founder Mike Repole once again interested in buying the New York Mets ,,https://www.cnbc.com/2020/06/22/bodyarmor-founder-mike-repole-once-again-interested-in-mets-mlb.html,9 Hours Ago,www.cnbc.com
Texas governor warns tough actions will be required if coronavirus keeps spiking ,,https://www.cnbc.com/2020/06/22/texas-governor-warns-tough-actions-will-be-needed-if-coronavirus-spikes-more.html,9 Hours Ago,www.cnbc.com
Here are all the big changes coming to your iPhone this fall ,,https://www.cnbc.com/2020/06/22/apple-ios-14-heres-whats-new-in-the-iphone-update-coming-this-fall.html,9 Hours Ago,www.cnbc.com
Zoom is no longer the best-performing work-from-home stock ,,https://www.cnbc.com/2020/06/22/zoom-is-no-longer-the-best-performing-work-from-home-stock.html,9 Hours Ago,www.cnbc.com
SoftBank plans to sell up to $21 billion worth of T-Mobile stock ,,https://www.cnbc.com/2020/06/22/softbank-plans-to-sell-21-billion-worth-of-t-mobile-stock.html,9 Hours Ago,www.cnbc.com
Here's what happened to the stock market on Monday ,,https://www.cnbc.com/2020/06/22/what-happened-to-the-stock-market-monday-big-tech-pushes-stocks-higher.html,10 Hours Ago,www.cnbc.com
"Coronavirus contact tracing 'will save lives,' if done correctly ",,https://www.cnbc.com/2020/06/22/coronavirus-contact-tracing-will-save-lives-if-officials-build-it.html,10 Hours Ago,www.cnbc.com
"Here's what a new SEC chair could mean to crypto, according to Michael Novogratz ",,https://www.cnbc.com/2020/06/22/heres-what-a-new-sec-chair-could-mean-for-crypto-according-to-bitcoin-investor-michael-novogratz.html,10 Hours Ago,www.cnbc.com
Two Trump campaign staffers who attended Tulsa rally test positive for Covid-19 ,,https://www.cnbc.com/2020/06/22/coronavirus-2-more-trump-campaign-rally-staffers-test-positive-for-covid-19.html,10 Hours Ago,www.cnbc.com
